{
  "kpis": {
    "effective_labor_rate": {
      "value": 240.40376629250457,
      "unit": "dollar / decimal",
      "formula": "labor revenue / technician hours",
      "labor_revenue": 58468.59999999997,
      "tech_hours": 243.20999999999972
    },
    "labor_gp_percent": {
      "value": 80.88141327139697,
      "unit": "percent",
      "formula": "(labor revenue - technician cost) / labor revenue * 100",
      "labor_revenue": 58468.59999999997,
      "labor_cost": 11178.36999999999,
      "labor_gp": 47290.22999999998
    },
    "labor_gp": {
      "value": 47290.22999999998,
      "unit": "dollar / decimal",
      "formula": "labor revenue - technician cost",
      "labor_revenue": 58468.59999999997,
      "labor_cost": 11178.36999999999
    },
    "parts_gp_percent": {
      "value": 37.33975608132427,
      "unit": "percent",
      "formula": "(parts revenue - parts cost) / parts revenue * 100",
      "parts_revenue": 65043.81000000006,
      "parts_cost": 40756.61000000004,
      "parts_gp": 24287.200000000026
    },
    "parts_gp": {
      "value": 24287.200000000026,
      "unit": "dollar / decimal",
      "formula": "parts revenue - parts cost",
      "parts_revenue": 65043.81000000006,
      "parts_cost": 40756.61000000004
    },
    "total_gp": {
      "value": 71577.43000000001,
      "unit": "dollar / decimal",
      "formula": "(labor revenue + parts revenue) - (labor cost + parts cost)",
      "total_revenue": 123512.41000000003,
      "total_cost": 51934.980000000025
    },
    "total_gp_percent": {
      "value": 57.951609882764,
      "unit": "percent",
      "formula": "((labor revenue + parts revenue) - (labor cost + parts cost)) / (labor revenue + parts revenue) * 100",
      "total_revenue": 123512.41000000003,
      "total_cost": 51934.980000000025,
      "total_gp": 71577.43000000001
    },
    "customer_pay": {
      "total_sale": 68675.86999999998,
      "labor_sale": 32994.790000000045,
      "parts_sale": 34561.28000000002,
      "labor_cost": 5501.899999999995,
      "parts_cost": 19481.500000000022,
      "gross_profit": 42572.67000000005,
      "unit": "NA (Category)"
    },
    "warranty": {
      "total_sale": 19473.89,
      "labor_sale": 6037.419999999999,
      "parts_sale": 11853.520000000004,
      "labor_cost": 1521.7,
      "parts_cost": 8829.989999999998,
      "gross_profit": 7539.250000000004,
      "unit": "NA (Category)"
    },
    "internal": {
      "total_sale": 38290.4,
      "labor_sale": 19436.39,
      "parts_sale": 18629.010000000006,
      "labor_cost": 4154.77,
      "parts_cost": 12445.119999999997,
      "gross_profit": 21465.51000000001,
      "unit": "NA (Category)"
    },
    "hrs_per_ro": {
      "value": 1.2516997167138784,
      "unit": "number / decimal",
      "formula": "total hours on repair orders / total number of repair orders",
      "total_hours": 441.84999999999906,
      "total_ros": 353
    },
    "total_per_ro": {
      "value": 358.18742209631733,
      "unit": "dollar / decimal",
      "formula": "total dollars invoiced / total number of repair orders",
      "total_sale": 126440.16000000002,
      "total_ros": 353
    },
    "labor_per_ro": {
      "value": 165.63342776203956,
      "unit": "dollar / decimal",
      "formula": "total labor dollars invoiced / total number of repair orders",
      "total_labor_sale": 58468.59999999997,
      "total_ros": 353
    },
    "parts_per_ro": {
      "value": 184.26008498583587,
      "unit": "dollar / decimal",
      "formula": "total parts dollars invoiced / total number of repair orders",
      "total_parts_sale": 65043.81000000006,
      "total_ros": 353
    },
    "service_absorption_rate": {
      "parts_service_gp": 71577.43000000001,
      "fixed_expenses": null,
      "value": null,
      "unit": "percent",
      "formula": "(Parts & Service Gross Profit / Total Fixed Dealership Expenses) * 100",
      "note": "Fixed expenses data not available in current dataset. Requires integration with accounting/finance system."
    }
  },
  "raw_stats": {
    "total_labor_sale": 58468.59999999997,
    "total_labor_cost": 11178.36999999999,
    "total_parts_sale": 65043.81000000006,
    "total_parts_cost": 40756.61000000004,
    "total_tech_hours": 243.20999999999972,
    "total_bill_hours": 441.84999999999906,
    "total_sale": 126440.16000000002,
    "total_cost": 54585.77999999996,
    "customer_labor_sale": 32994.790000000045,
    "customer_labor_cost": 5501.899999999995,
    "customer_parts_sale": 34561.28000000002,
    "customer_parts_cost": 19481.500000000022,
    "customer_total_sale": 68675.86999999998,
    "warranty_labor_sale": 6037.419999999999,
    "warranty_labor_cost": 1521.7,
    "warranty_parts_sale": 11853.520000000004,
    "warranty_parts_cost": 8829.989999999998,
    "warranty_total_sale": 19473.89,
    "internal_labor_sale": 19436.39,
    "internal_labor_cost": 4154.77,
    "internal_parts_sale": 18629.010000000006,
    "internal_parts_cost": 12445.119999999997,
    "internal_total_sale": 38290.4,
    "total_ros": 353
  },
  "metadata": {
    "total_repair_orders": 353,
    "calculation_date": "2025-10-06T16:38:09.538589",
    "data_source": "parsed_output_500.json"
  }
}